ds,yhat,yhat_lower,yhat_upper,dish_name
2024-01-15,3.08730743931431,0.6220941315768469,5.420953417038906,BBQ Chicken Pizza
2024-01-22,3.1026014543143097,0.866798998603354,5.529613580640855,BBQ Chicken Pizza
2024-01-29,3.1178954693771526,0.6281342883164894,5.570045223105879,BBQ Chicken Pizza
2024-02-12,3.148483499480157,0.670168540290512,5.529447445286588,BBQ Chicken Pizza
2024-02-26,3.179071529590355,0.7587261550189974,5.711061417808349,BBQ Chicken Pizza
2024-03-04,3.1943655445817423,0.7036100041390775,5.731541620336764,BBQ Chicken Pizza
2024-03-11,3.2096595595817394,0.7162626877707018,5.7168227979963575,BBQ Chicken Pizza
2024-03-25,3.2402475895632805,0.8574750402397326,5.77249097297421,BBQ Chicken Pizza
2024-04-01,3.255541604599631,0.7395951793409654,5.626403291286839,BBQ Chicken Pizza
2024-04-08,3.270835619559972,0.8190385844102318,5.757218945660809,BBQ Chicken Pizza
2024-04-15,3.2861296345240816,0.8219673094943013,5.712714764843214,BBQ Chicken Pizza
2024-05-06,3.3320116792090397,0.7426908617768322,5.871237284893002,BBQ Chicken Pizza
2024-05-13,3.347305694170004,0.6751582348715113,5.908867461054522,BBQ Chicken Pizza
2024-06-17,3.423775768971386,1.107111487658321,6.0797327137372,BBQ Chicken Pizza
2024-06-24,3.4390697839958446,0.7438614570407922,5.890955414818885,BBQ Chicken Pizza
2024-07-01,3.4543637989647187,0.9174593605919885,6.041627078116891,BBQ Chicken Pizza
2024-07-08,3.469657813877753,1.0759548782389114,6.055724488375561,BBQ Chicken Pizza
2024-07-15,3.484951828773216,1.1401979299321412,6.164982662977311,BBQ Chicken Pizza
2024-07-22,3.5002458436960495,0.7948295805066419,5.891912571248203,BBQ Chicken Pizza
2024-07-29,3.5155398586021596,1.0693698162114527,5.894660218738089,BBQ Chicken Pizza
2024-08-05,3.530833873543376,1.0657086151015034,5.969087661936529,BBQ Chicken Pizza
2024-08-19,3.561421903412982,1.0842516383096654,6.054308041215393,BBQ Chicken Pizza
2024-08-26,3.57671591830256,1.1332243146898648,5.873715635201753,BBQ Chicken Pizza
2024-09-02,3.592009933132859,1.1420337553313156,5.868621951942104,BBQ Chicken Pizza
2024-09-09,3.6073039479757547,1.2040388548445482,6.063214234676812,BBQ Chicken Pizza
2024-09-16,3.622597962880347,1.0246743789828368,6.0853609828082655,BBQ Chicken Pizza
2024-10-07,3.6684800074816053,1.4596410327053995,6.076406674727315,BBQ Chicken Pizza
2024-10-14,3.6837740223486914,1.3799966188294588,6.044778006203928,BBQ Chicken Pizza
2024-11-11,3.7449500818170365,1.2200048961998315,6.097856359551936,BBQ Chicken Pizza
2024-11-18,3.7602440966841226,1.281109802080661,6.090902861584051,BBQ Chicken Pizza
2024-11-25,3.7755381115512088,1.1718404154303985,6.37753227498878,BBQ Chicken Pizza
2024-12-02,3.790832126418295,1.4047366758099835,6.243187517020036,BBQ Chicken Pizza
2024-12-16,3.8214201561524677,1.2442368799749783,6.298153965442798,BBQ Chicken Pizza
2024-12-22,0.5299857190984665,-1.900789841873524,2.8436630696456824,BBQ Chicken Pizza
2024-12-29,0.5452797339571951,-1.8587849973287593,3.0550958080618584,BBQ Chicken Pizza
2025-01-05,0.5605737488282868,-1.9647424282199095,2.962084522853285,BBQ Chicken Pizza
2025-01-12,0.5758677636963985,-1.9742269810670203,3.024215029589363,BBQ Chicken Pizza
2024-01-15,1.3077111274881004,-0.5387984948932864,3.069142407828949,Caesar Salad
2024-01-29,1.4150610529426455,-0.4823307295899912,3.234363074541248,Caesar Salad
2024-02-19,1.576085941134631,-0.1525689163966136,3.302871910677607,Caesar Salad
2024-02-26,1.629760903852703,-0.22755782955928425,3.44374695715048,Caesar Salad
2024-04-01,1.8981357174639535,0.1356218763018404,3.774868205984509,Caesar Salad
2024-04-15,2.0054856428934817,0.14760431502695817,3.759740163092424,Caesar Salad
2024-05-27,2.32753541933705,0.48980411804840635,4.183201315930383,Caesar Salad
2024-06-03,2.381210382071413,0.43949538116773607,4.031208072155475,Caesar Salad
2024-06-17,2.488560307569655,0.6206021638818833,4.292485923886615,Caesar Salad
2024-07-01,2.595910233131759,0.729321734251067,4.347112963674926,Caesar Salad
2024-07-15,2.7032601587299006,0.8509697294924267,4.452487381006426,Caesar Salad
2024-07-22,2.7569351215347506,0.9257411997473335,4.643989328735877,Caesar Salad
2024-08-19,2.971634972717451,1.239558320153797,4.732084196124926,Caesar Salad
2024-08-26,3.0253099355131114,1.1870812223216822,5.0097745314653865,Caesar Salad
2024-09-02,3.0789848983087715,1.2520208917092746,4.706015101705263,Caesar Salad
2024-10-14,3.4010346750827325,1.6461876776955482,5.267837885791953,Caesar Salad
2024-11-18,3.6694094890610343,1.738894788111434,5.354260053993069,Caesar Salad
2024-11-24,2.3053865865431744,0.5346933080480224,4.302077846167116,Caesar Salad
2024-12-01,2.359061549339272,0.5624410398349687,4.219211544650711,Caesar Salad
2024-12-08,2.412736512132638,0.6027270824080303,4.176099975382192,Caesar Salad
2024-12-15,2.4664114749274635,0.6515524152650217,4.213950515851345,Caesar Salad
2024-01-01,1.7700849434093548,0.16322223683044385,3.4466826243977007,Cheesecake
2024-02-19,2.1513031514093552,0.4230629563053687,3.768650183067545,Cheesecake
2024-03-11,2.3146823833475114,0.5305470972528529,4.179120013260767,Cheesecake
2024-03-18,2.3691421273336406,0.735984300310845,4.073471804873416,Cheesecake
2024-04-15,2.586981103363054,0.9008987299503777,4.3132151882862795,Cheesecake
2024-05-13,2.804820079485104,1.123817959077616,4.614957510867593,Cheesecake
2024-06-03,2.9681993115335796,1.3735265678491044,4.7111867026062075,Cheesecake
2024-06-24,3.1315785434112424,1.4191094492941676,4.985702366953969,Cheesecake
2024-07-01,3.1860382873058013,1.3663924798204887,4.937536024285246,Cheesecake
2024-07-08,3.2404980312116938,1.3602954789634853,4.9595253206664,Cheesecake
2024-07-29,3.4038772629954264,1.656085141733069,5.149369753990502,Cheesecake
2024-08-26,3.6217162386308455,1.8550367261746419,5.399532009584347,Cheesecake
2024-09-09,3.7306357264747465,2.1060086879369657,5.451709128823165,Cheesecake
2024-09-30,3.894014958128961,2.274126708932112,5.568400376018817,Cheesecake
2024-10-07,3.948474702013699,2.173434985722403,5.560432853785051,Cheesecake
2024-12-02,4.384152653091603,2.7208298804800854,6.028118962536239,Cheesecake
2024-12-16,4.49307214086108,2.8386486431662408,6.213353932111616,Cheesecake
2024-12-22,2.633787338211042,0.7580361376842172,4.321999651887541,Cheesecake
2024-12-29,2.68824708209096,0.9985329401613713,4.428266017897396,Cheesecake
2025-01-05,2.742706825978008,0.8977353595767366,4.4151587860395844,Cheesecake
2025-01-12,2.7971665698633372,1.0411301005572267,4.632651892569908,Cheesecake
2024-01-08,2.5743183731124537,-0.46793903915227353,5.832983551225002,Chicken Biryani
2024-01-22,2.6294192231124542,-0.7872801795228541,5.792860453517071,Chicken Biryani
2024-01-29,2.656969648109798,-0.6598987725816539,5.730921680402782,Chicken Biryani
2024-02-12,2.712070498096053,-0.5580396346995397,5.843812179700077,Chicken Biryani
2024-02-19,2.7396209230886868,-0.5434054219339682,5.926717399709263,Chicken Biryani
2024-03-04,2.794721773080347,-0.1691132681930743,6.067758728476727,Chicken Biryani
2024-03-25,2.8773730480725845,-0.2551503125595916,6.096028160952894,Chicken Biryani
2024-04-01,2.9049234730674574,-0.27619228593229533,6.264538627960441,Chicken Biryani
2024-04-08,2.932473898064067,-0.18208588725175037,6.362447898683511,Chicken Biryani
2024-04-15,2.960024323065224,-0.3090553019272994,6.098868300413722,Chicken Biryani
2024-04-29,3.0151251730756665,-0.2164258829716912,6.253909016796959,Chicken Biryani
2024-05-06,3.042675598082643,-0.20904542776562346,6.363918951166879,Chicken Biryani
2024-05-13,3.0702260230941203,-0.03697837035364026,6.144698956884256,Chicken Biryani
2024-05-20,3.0977764481125707,0.004154495894903275,6.131938096972494,Chicken Biryani
2024-05-27,3.125326873136711,-0.0734280148392464,6.250909259440777,Chicken Biryani
2024-06-03,3.152877298165024,0.06261775383324729,6.363862321857401,Chicken Biryani
2024-06-17,3.2079781482595804,0.09194696288424005,6.375845833783473,Chicken Biryani
2024-07-08,3.290629423395689,0.27456552817421037,6.662773483416613,Chicken Biryani
2024-07-29,3.3732806985446793,0.27876856642473585,6.791052194252244,Chicken Biryani
2024-08-05,3.400831123590289,0.19487796973574917,6.635452748925379,Chicken Biryani
2024-09-02,3.5110328237860036,0.1531590519556233,6.566402988819252,Chicken Biryani
2024-09-09,3.5385832488410083,0.5516870141374168,6.997841022890001,Chicken Biryani
2024-09-16,3.566133673892571,0.3853567925067376,6.929965267074111,Chicken Biryani
2024-09-23,3.593684098944212,0.1570311677098694,6.838314020111238,Chicken Biryani
2024-09-30,3.6212345239945645,0.5793215883023916,6.733232427988276,Chicken Biryani
2024-10-14,3.6763353740952684,0.49700379435782155,6.768481517187767,Chicken Biryani
2024-10-21,3.70388579914562,0.44389148545942886,6.956473730925414,Chicken Biryani
2024-10-28,3.7314362241959724,0.26220595692450255,7.068141147956661,Chicken Biryani
2024-11-11,3.7865370742966755,0.6232304792467479,7.026316985374901,Chicken Biryani
2024-11-18,3.8140874993470284,0.533726646483695,7.181941352847777,Chicken Biryani
2024-12-09,3.8967387744980844,0.6236746198459828,6.921262921720996,Chicken Biryani
2024-12-15,1.1487096844561973,-2.118949862057076,4.24759524588668,Chicken Biryani
2024-12-22,1.1762601095074094,-2.1127309831742536,4.4130303272875,Chicken Biryani
2024-12-29,1.2038105345507513,-2.1464428670382563,4.412295306451428,Chicken Biryani
2025-01-05,1.231360959604463,-1.9993353077908853,4.392576097355288,Chicken Biryani
2024-01-08,2.3454156465342955,0.2876544168770899,4.290473685698662,Chocolate Lava Cake
2024-01-15,2.360145099187357,0.15929167143177136,4.516237639868482,Chocolate Lava Cake
2024-01-22,2.3748745518511516,0.30192722616240986,4.418690593735473,Chocolate Lava Cake
2024-02-12,2.419062909768183,0.23688639482910664,4.6707536068509485,Chocolate Lava Cake
2024-02-26,2.448521815117907,0.17834346525450356,4.501724017176743,Chocolate Lava Cake
2024-03-04,2.4632512677605574,0.47982779748214943,4.476216003503645,Chocolate Lava Cake
2024-04-01,2.522169078478764,0.4854825343562771,4.728083505676974,Chocolate Lava Cake
2024-04-15,2.551627983844896,0.4707290655777731,4.589079964996987,Chocolate Lava Cake
2024-04-22,2.5663574365532185,0.38959679178783074,4.6267494784349,Chocolate Lava Cake
2024-05-13,2.610545794662431,0.4680030544164583,4.759902151651976,Chocolate Lava Cake
2024-06-17,2.6841930583164144,0.6447707408075345,4.677603699195136,Chocolate Lava Cake
2024-07-08,2.728381416469201,0.6123148289409763,4.968293121758389,Chocolate Lava Cake
2024-09-02,2.8462170382580485,0.8637135002400902,4.945805538642054,Chocolate Lava Cake
2024-09-23,2.8904053964519885,0.7105508039848852,4.98801248097797,Chocolate Lava Cake
2024-11-18,3.0082410186556903,1.0256302725648676,4.946135194794386,Chocolate Lava Cake
2024-11-25,3.0229704713860066,0.8654109506170825,5.195563269492314,Chocolate Lava Cake
2024-12-02,3.037699924116324,0.953989976252386,5.102993134259412,Chocolate Lava Cake
2024-12-09,3.052429376846641,1.0483879369323967,5.203812145393246,Chocolate Lava Cake
2024-12-16,3.0671588295769583,1.0408954244492954,5.200332804224085,Chocolate Lava Cake
2024-12-22,0.5510545316591366,-1.4694503096107687,2.591020546265483,Chocolate Lava Cake
2024-12-29,0.5657839843830581,-1.5542684040535553,2.5600673503557063,Chocolate Lava Cake
2025-01-05,0.5805134371164404,-1.474258375935372,2.5396663914518003,Chocolate Lava Cake
2025-01-12,0.5952428898475421,-1.5782714707117527,2.60109196182644,Chocolate Lava Cake
2024-01-01,3.657971051147586,-0.535920830127326,7.88404195190488,Classic Burger
2024-01-08,3.6962368540887627,-0.36772726354714813,7.8628488540349215,Classic Burger
2024-01-15,3.734502656961099,-0.37496873896237193,8.137405147865605,Classic Burger
2024-01-22,3.7727684600303264,-0.07327460945384033,7.668691648110277,Classic Burger
2024-02-19,3.925831672307238,-0.26149445698283147,7.7620185191633855,Classic Burger
2024-02-26,3.964097475366506,-0.152906662359273,8.288705845762816,Classic Burger
2024-03-11,4.040629081676303,-0.09663380063963639,8.098806241979299,Classic Burger
2024-03-18,4.07889488487175,-0.48416101520123894,8.441935948449897,Classic Burger
2024-03-25,4.117160688090239,0.024984145839076242,8.056579109414386,Classic Burger
2024-04-08,4.193692294527217,0.34722000598524255,8.201522678808207,Classic Burger
2024-04-15,4.231958098001863,0.2859064439473682,8.477110772629882,Classic Burger
2024-04-22,4.270223901559836,0.1313184471174644,8.535921465239037,Classic Burger
2024-04-29,4.3084897053874895,0.5090403773060218,8.402079846633267,Classic Burger
2024-05-13,4.385021312807709,0.35005640140039335,8.308740459357525,Classic Burger
2024-05-20,4.423287116517818,0.49152535612042764,8.280211517031983,Classic Burger
2024-05-27,4.461552920146205,0.45450592811082646,8.637827833762284,Classic Burger
2024-06-03,4.499818723992657,0.4783161487437533,8.623984696530432,Classic Burger
2024-06-10,4.538084527973128,0.5847917344539366,8.49853052574524,Classic Burger
2024-06-17,4.576350332082391,0.5355915134129363,8.835468457724271,Classic Burger
2024-06-24,4.614616136191653,0.48009922634321534,8.618521995647502,Classic Burger
2024-07-01,4.652881940330508,0.11647956615785214,8.724755854493855,Classic Burger
2024-07-08,4.691147744408607,0.6247082688639285,8.66216839020497,Classic Burger
2024-07-29,4.80594515701789,0.8215311727175821,8.867234904722174,Classic Burger
2024-08-05,4.844210961065887,0.6917619703502879,8.7092801141925,Classic Burger
2024-08-12,4.882476765113883,0.8561718280132764,8.99599230403397,Classic Burger
2024-08-19,4.9207425689747,1.0322549665093734,8.956591166333522,Classic Burger
2024-08-26,4.959008372756105,0.8376812465973804,8.866042530396628,Classic Burger
2024-09-02,4.99727417673701,0.8729035245696252,9.076733576611264,Classic Burger
2024-09-23,5.112071588892276,0.8787942709847616,9.287962204423618,Classic Burger
2024-09-30,5.150337392944031,0.9916266732699369,9.209385276904058,Classic Burger
2024-10-07,5.188603197188975,1.1085238534126571,9.103182559673801,Classic Burger
2024-10-14,5.226869001563422,1.4444436163777221,9.383758249865334,Classic Burger
2024-10-28,5.303400609913288,1.2112501954973807,9.37589009907762,Classic Burger
2024-11-04,5.34166641408822,1.49093688709888,9.665483447774612,Classic Burger
2024-11-11,5.379932218263153,1.1261210779716107,9.18747626616679,Classic Burger
2024-11-18,5.4181980224380855,1.6490890670024898,9.730815390011909,Classic Burger
2024-11-25,5.456463826613018,1.4523037893346507,9.584021161758201,Classic Burger
2024-12-09,5.532995434962883,1.5304941261276443,9.2850029293041,Classic Burger
2024-12-16,5.571261239137816,1.6357214131940234,9.479046291747405,Classic Burger
2024-12-23,5.609527043312749,1.7730160405129842,9.63510431903776,Classic Burger
2024-12-29,1.4301295632547193,-2.4986862032783748,5.35560211631956,Classic Burger
2025-01-05,1.4683953674347583,-2.622564476703675,5.452115937338773,Classic Burger
2025-01-12,1.5066611716109977,-2.631635680449772,5.692574228607842,Classic Burger
2025-01-19,1.544926975787237,-2.226346006351978,5.353984776684548,Classic Burger
2024-01-01,3.620230400745621,0.7531400807873933,6.445888036309915,Double Cheeseburger
2024-01-08,3.6038532609088865,0.7364756385641827,6.341331740016558,Double Cheeseburger
2024-01-22,3.5710989812078737,0.7336033215036327,6.427945602632859,Double Cheeseburger
2024-02-05,3.5383447014816047,0.6851171902853547,6.338610100797634,Double Cheeseburger
2024-02-12,3.521967561625181,0.7876622709381291,6.364062426291234,Double Cheeseburger
2024-02-19,3.5055904217557052,0.7020459768940184,6.249683741569224,Double Cheeseburger
2024-03-11,3.4564590021404995,0.6942311962175044,6.177462733636753,Double Cheeseburger
2024-03-18,3.440081862275463,0.4739556853872954,6.195884005857061,Double Cheeseburger
2024-04-01,3.4073275825494043,0.7605675463572709,6.227793955614773,Double Cheeseburger
2024-04-08,3.3909504426840558,0.6326788890874098,6.189424189022452,Double Cheeseburger
2024-04-15,3.3745733028238667,0.4124993253704257,6.123092491531023,Double Cheeseburger
2024-04-22,3.358196162970762,0.5860892575830893,6.127590127663793,Double Cheeseburger
2024-04-29,3.341819023120185,0.2945993868061743,5.964958952728937,Double Cheeseburger
2024-05-13,3.309064743406502,0.32702345796038834,5.885816377429983,Double Cheeseburger
2024-05-20,3.2926876035675914,0.6200210218260503,6.167975999323183,Double Cheeseburger
2024-05-27,3.27631046373769,0.3869531518792203,5.9935892038629195,Double Cheeseburger
2024-06-24,3.210801904458165,0.31058103580759905,5.793852788612668,Double Cheeseburger
2024-07-08,3.1780476248251803,0.3175088477738649,6.00212742597528,Double Cheeseburger
2024-07-29,3.128916205334818,0.25597066931549367,6.034957790993106,Double Cheeseburger
2024-08-05,3.1125390655072143,0.15175159355750747,6.068068650177522,Double Cheeseburger
2024-08-12,3.096161925695129,0.3954913886465801,6.0107702281655,Double Cheeseburger
2024-08-19,3.0797847858818748,0.3213167100002393,5.946417958808013,Double Cheeseburger
2024-09-09,3.0306533664473014,0.22067293557965295,6.032206529724851,Double Cheeseburger
2024-10-07,2.9651448072210673,0.15095658444483442,5.547654749736019,Double Cheeseburger
2024-10-14,2.9487676674258343,-0.01711529063882487,5.7680018276707585,Double Cheeseburger
2024-10-21,2.932390527630602,-0.09078085850862427,5.558823373178487,Double Cheeseburger
2024-10-28,2.9160133878353696,0.20762380931412153,5.8712364288924785,Double Cheeseburger
2024-11-04,2.899636248040137,0.04489499523014588,5.662380188661083,Double Cheeseburger
2024-11-11,2.8832591082449044,-0.06484002399242195,5.807107823174475,Double Cheeseburger
2024-11-18,2.8668819684496727,0.018114268818970335,5.912519016435515,Double Cheeseburger
2024-12-09,2.817750549063975,0.18953977892081394,5.6593043620348755,Double Cheeseburger
2024-12-15,-0.9887699164816965,-3.738093344804206,1.8097226711416972,Double Cheeseburger
2024-12-22,-1.0051470562757525,-4.045859331292594,1.9425658617855766,Double Cheeseburger
2024-12-29,-1.021524196080577,-3.701900600386289,1.915817392481496,Double Cheeseburger
2025-01-05,-1.0379013358712121,-3.833290982170342,1.6891934386395886,Double Cheeseburger
2024-01-29,2.8371927204283964,0.57359774515578,5.291724388394019,Falafel Wrap
2024-02-26,2.8387276395603114,0.550202728018764,5.433880442199304,Falafel Wrap
2024-03-04,2.8391113693766843,0.4339627117842443,5.080688522049344,Falafel Wrap
2024-03-11,2.8394950992286594,0.5417565002320465,5.230108518361543,Falafel Wrap
2024-04-01,2.8406462888905724,0.48030800266567386,5.305469861839165,Falafel Wrap
2024-04-08,2.841030018751708,0.4367751802836062,5.227815975815185,Falafel Wrap
2024-04-22,2.8417974784729965,0.4165607741193728,5.154701941353247,Falafel Wrap
2024-05-13,2.8429486679842597,0.44565750695612516,5.099280989008696,Falafel Wrap
2024-05-20,2.8433323978494207,0.6020457351961334,5.127691149318625,Falafel Wrap
2024-05-27,2.8437161277214282,0.42635645499277064,5.412919385308833,Falafel Wrap
2024-06-17,2.8448673172451207,0.6400917687005809,5.366883108229243,Falafel Wrap
2024-06-24,2.8452510470971095,0.5360698570203329,5.224877441058326,Falafel Wrap
2024-07-01,2.8456347769385504,0.4431929691839954,5.2901556105903556,Falafel Wrap
2024-07-22,2.846785966525697,0.4293904678146104,5.126757341629023,Falafel Wrap
2024-07-29,2.8471696963723208,0.5085668876542387,5.2794454383101925,Falafel Wrap
2024-08-12,2.8479371560269646,0.43839056181032293,5.352130593842784,Falafel Wrap
2024-08-19,2.848320885812418,0.4041301093091196,5.269040678610215,Falafel Wrap
2024-09-02,2.8490883453808076,0.5453199130712229,5.320090149879017,Falafel Wrap
2024-09-16,2.8498558049387976,0.6337043196949819,5.383510780906871,Falafel Wrap
2024-09-30,2.8506232645086924,0.5687428089252395,5.120815371101635,Falafel Wrap
2024-10-21,2.8517744539270398,0.5200296652439859,5.191600163901395,Falafel Wrap
2024-10-28,2.852158183733156,0.4475829487196068,5.214269501285623,Falafel Wrap
2024-11-11,2.8529256433453876,0.7645759060033758,5.193129114553701,Falafel Wrap
2024-11-25,2.853693102957619,0.4568336970284683,5.218535471959766,Falafel Wrap
2024-12-23,2.8552280221820836,0.4226949873555094,5.249598767420504,Falafel Wrap
2024-12-29,-0.16920987483111738,-2.7153250851059783,2.295010094091211,Falafel Wrap
2025-01-05,-0.1688261450213348,-2.5641460295054217,2.368704446166942,Falafel Wrap
2025-01-12,-0.16844241521428038,-2.6572700462064005,2.481544971086818,Falafel Wrap
2025-01-19,-0.16805868540722607,-2.5402039769637645,2.261890945479914,Falafel Wrap
2024-01-08,3.0466481904229497,-0.6963201913589562,6.731330271671635,French Fries
2024-01-22,3.1349729568229496,-0.5222398963503464,6.42358282963139,French Fries
2024-01-29,3.1791353400286417,-0.3100407352971163,6.666574653037584,French Fries
2024-02-05,3.223297723229998,-0.32023565208984905,6.577203294120593,French Fries
2024-02-12,3.267460106431355,-0.4334991208375952,6.85781964482766,French Fries
2024-02-19,3.311622489632314,-0.449064326909816,6.886326127520687,French Fries
2024-03-11,3.444109639248801,-0.16156520336356306,7.198693789709962,French Fries
2024-03-18,3.488272022458145,-0.2076525935877282,7.064016134697927,French Fries
2024-03-25,3.5324344056567623,-0.4233799073424496,6.960915591221443,French Fries
2024-04-01,3.5765967888536583,0.02556960751067017,7.417808342903243,French Fries
2024-04-08,3.6207591720505548,0.010835064473519864,7.011945531141543,French Fries
2024-04-29,3.7532463216740686,0.01717356425085578,7.4508064319845895,French Fries
2024-05-06,3.797408704876611,0.3969285684008736,7.417452878819183,French Fries
2024-05-13,3.841571088074022,0.6556784948587999,7.344060246896179,French Fries
2024-05-20,3.8857334712728404,0.4352742449501101,7.472800352729931,French Fries
2024-05-27,3.929895854478646,0.3276584174271356,7.31147385410607,French Fries
2024-06-03,3.9740582376844524,0.2753490825365282,7.625354222482139,French Fries
2024-06-10,4.018220620894315,0.39730367492282165,7.806846613915159,French Fries
2024-06-17,4.062383004105268,0.6268687753990068,7.537876773173335,French Fries
2024-06-24,4.106545387310421,0.516633774785821,7.411718100023604,French Fries
2024-07-01,4.150707770526331,0.8061299595261385,7.39094297450178,French Fries
2024-07-08,4.194870153757864,0.7245029731163115,7.561678951162692,French Fries
2024-07-22,4.2831949202209305,0.5080575032308965,7.959795863785084,French Fries
2024-07-29,4.327357303452897,0.5393278122259663,7.614778662374699,French Fries
2024-08-05,4.371519686680753,1.062750295849401,7.915083233966308,French Fries
2024-08-12,4.415682069924948,1.024323860335972,7.947614563706516,French Fries
2024-08-26,4.504006836418408,0.9613222798685356,7.984514556404563,French Fries
2024-09-02,4.548169219676837,1.0137459995239084,8.242402557596488,French Fries
2024-09-09,4.592331602935266,0.7793070869753232,8.035657494639967,French Fries
2024-09-16,4.636493986191688,0.7146291200604303,8.29172137140551,French Fries
2024-09-30,4.724818752728547,1.2625430101111537,8.23230070702773,French Fries
2024-10-07,4.768981136004864,1.3336473253104975,8.490650471131273,French Fries
2024-10-14,4.813143519281182,0.7882798438142821,8.222863023373025,French Fries
2024-11-04,4.945630669110136,1.4185962229883622,8.40371319444009,French Fries
2024-11-11,4.989793052386453,1.5324895201086743,8.345298476189726,French Fries
2024-11-18,5.0339554356627705,1.7361757419768808,8.543302075895747,French Fries
2024-12-02,5.122280202215405,1.4616088880972382,8.700467592700706,French Fries
2024-12-16,5.210604968768041,1.747535980411172,8.727630375677386,French Fries
2024-12-23,5.254767352044359,1.7521724151014488,8.753380307685587,French Fries
2024-12-29,2.0177324124546416,-1.4743810506238844,5.553170647045152,French Fries
2025-01-05,2.061894795734929,-1.5070537026402608,5.876430347270551,French Fries
2025-01-12,2.1060571790122626,-1.3765486650852672,5.767307452452617,French Fries
2025-01-19,2.150219562289596,-1.7021567611141109,5.6006733059551275,French Fries
2024-01-01,3.242192773063313,0.8999323331328054,5.700103195578822,Greek Salad
2024-01-15,3.2438518311850526,0.9138173262801326,5.606439018858244,Greek Salad
2024-03-04,3.2496585345533298,0.9996628654146694,5.685362343159175,Greek Salad
2024-03-11,3.25048806359466,1.0596446279769018,5.57167084039659,Greek Salad
2024-03-18,3.2513175926349156,0.934678454448987,5.761977477189441,Greek Salad
2024-05-20,3.2587833538761526,0.8621489356816524,5.6042647337846825,Greek Salad
2024-05-27,3.2596128828977595,0.8113612632118629,5.61418920587518,Greek Salad
2024-06-10,3.261271940943225,1.0789475676919582,5.686831666740148,Greek Salad
2024-06-24,3.2629309989919086,0.9503891696354428,5.7713649061676895,Greek Salad
2024-07-15,3.2654195860999624,0.9658333328071887,5.4695354059656385,Greek Salad
2024-07-22,3.266249115141996,0.9014308021128173,5.43798024927309,Greek Salad
2024-07-29,3.26707864417323,0.7732852738894936,5.647182107327546,Greek Salad
2024-08-19,3.2695672312685233,0.890458495677998,5.445619085285693,Greek Salad
2024-08-26,3.270396760287779,0.9098933735038633,5.856326763970396,Greek Salad
2024-09-02,3.2712262893185033,0.951395537338458,5.792766011277191,Greek Salad
2024-10-07,3.2753739345508945,0.6725679112126914,5.544568636679272,Greek Salad
2024-10-21,3.277032992643851,0.8424740130186495,5.746262873201498,Greek Salad
2024-11-11,3.2795215797832853,1.1283479927376345,5.547811225526485,Greek Salad
2024-11-18,3.2803511088297634,0.9871729002495495,5.7425038627893485,Greek Salad
2024-11-24,-0.22083414582792338,-2.520503287231323,1.9738947914746983,Greek Salad
2024-12-01,-0.22000461678035876,-2.456099859442856,2.282111465945336,Greek Salad
2024-12-08,-0.21917508773957867,-2.4484971925888583,2.203773566633363,Greek Salad
2024-12-15,-0.21834555869517291,-2.28596158819437,2.089607629095737,Greek Salad
2024-01-01,3.126276494367731,0.42289579931574595,5.801943348478881,Hot Coffee
2024-01-08,3.1085142857402794,0.1789609992549581,5.895557886702328,Hot Coffee
2024-01-15,3.0907520771120596,0.32188128647378306,5.924426322472115,Hot Coffee
2024-01-22,3.0729898684743984,0.20035444466744376,5.822217307311297,Hot Coffee
2024-01-29,3.05522765984334,0.21043610028401688,5.794155478506926,Hot Coffee
2024-02-05,3.037465451217581,0.37347629506941055,5.8434107503778945,Hot Coffee
2024-02-12,3.019703242589765,0.43907653198768265,5.770362113248239,Hot Coffee
2024-02-19,3.0019410339674457,0.2725578448852871,5.826379756459201,Hot Coffee
2024-02-26,2.9841788253420787,0.3365783852229999,5.664253036070131,Hot Coffee
2024-03-04,2.9664166167183876,0.2589379704313469,5.750666297010824,Hot Coffee
2024-03-18,2.9308921994941692,0.2860680206219367,5.678695017065368,Hot Coffee
2024-04-01,2.8953677822844965,0.3079693305212813,5.69641352587782,Hot Coffee
2024-04-15,2.8598433650917245,0.3075866922121778,5.668416953784551,Hot Coffee
2024-05-06,2.8065567393285162,0.06769903385712282,5.625612235611661,Hot Coffee
2024-06-17,2.6999834878340163,-0.07563848206748246,5.562071353145767,Hot Coffee
2024-06-24,2.6822212792594393,-0.17899102918530793,5.485295033889992,Hot Coffee
2024-07-08,2.646696862095791,0.046110522537697374,5.392033716040252,Hot Coffee
2024-07-15,2.6289346535066813,-0.1744190582495822,5.467706951326563,Hot Coffee
2024-08-26,2.5223614019444227,-0.11743457763725476,5.12071024853192,Hot Coffee
2024-09-02,2.504599193344095,-0.054999131848491846,5.151462197090959,Hot Coffee
2024-09-09,2.486836984750824,-0.043804972270334246,5.305424049920861,Hot Coffee
2024-09-16,2.469074776162707,-0.21466128599088027,5.312834854623739,Hot Coffee
2024-09-30,2.433550358981733,-0.1724570017521165,5.273558695981469,Hot Coffee
2024-10-14,2.3980259418007592,-0.2519203546514846,5.136287373073933,Hot Coffee
2024-11-04,2.3447393160292984,-0.26805506923512934,5.385250499949679,Hot Coffee
2024-11-18,2.3092148988483245,-0.4076668343094193,4.997048996186563,Hot Coffee
2024-12-16,2.238166064486377,-0.574814708936538,4.839974098446547,Hot Coffee
2024-12-23,2.2204038558958894,-0.2920547241618505,4.9710198697726256,Hot Coffee
2024-12-29,-1.2532434841441853,-4.026914939638814,1.3192515380761531,Hot Coffee
2025-01-05,-1.2710056927304803,-4.057878977912434,1.4053872281027664,Hot Coffee
2025-01-12,-1.2887679013198943,-3.906822712955678,1.2906874554830814,Hot Coffee
2025-01-19,-1.306530109909308,-4.103496139539176,1.5032004973467128,Hot Coffee
2024-01-01,2.4166888863605265,-0.013391243334040815,5.170057704843999,Ice Cream Sundae
2024-01-22,2.4841269496163405,-0.24571911951045466,5.3321372433074,Ice Cream Sundae
2024-02-05,2.5290856580528764,-0.4003311409007513,5.161994590548274,Ice Cream Sundae
2024-02-12,2.551565012348018,-0.24249136004778118,5.294005391192928,Ice Cream Sundae
2024-02-19,2.574044366902599,-0.14458783051765683,5.292443140745042,Ice Cream Sundae
2024-03-25,2.686441138886227,-0.17128541556469024,5.517268549991796,Ice Cream Sundae
2024-05-06,2.8213172666717288,0.18981385772657972,5.5987523017877106,Ice Cream Sundae
2024-05-20,2.866275975420936,0.15877427135453293,5.6792946016544565,Ice Cream Sundae
2024-06-10,2.93371403858159,0.0898761919350145,5.491962382261368,Ice Cream Sundae
2024-06-24,2.9786727473725936,0.4622571169372927,5.915770010564062,Ice Cream Sundae
2024-07-22,3.068590163878891,0.3627225818647263,5.856697609591252,Ice Cream Sundae
2024-07-29,3.0910695180560355,0.378026033388281,5.816509174121112,Ice Cream Sundae
2024-08-05,3.113548872293555,0.7209008086946667,5.867593978316076,Ice Cream Sundae
2024-08-26,3.1809869352738858,0.5478063666270324,6.0317977541496814,Ice Cream Sundae
2024-09-09,3.225945643927439,0.5895084362168757,5.96925976767286,Ice Cream Sundae
2024-09-23,3.2709043525809927,0.5113703353197994,5.783188772612075,Ice Cream Sundae
2024-10-28,3.383301124214877,0.6974299134644039,6.182543751381897,Ice Cream Sundae
2024-11-03,0.767773217885745,-2.091161671268623,3.783018816216496,Ice Cream Sundae
2024-11-10,0.7902525722109629,-1.8754779562005357,3.5620701332574947,Ice Cream Sundae
2024-11-17,0.8127319265409337,-1.780501484255795,3.7085340697752573,Ice Cream Sundae
2024-11-24,0.8352112808709042,-1.9854097633616379,3.597689913464686,Ice Cream Sundae
2024-01-01,2.299322313982058,-1.1058347924553649,5.650857848132708,Iced Coffee
2024-02-19,2.4376917381249155,-0.8111939309954238,5.857078063791274,Iced Coffee
2024-03-25,2.5365270411382466,-1.0390867048637322,5.7382488647130145,Iced Coffee
2024-04-08,2.5760611623626892,-0.6772241538603473,6.010278862445849,Iced Coffee
2024-04-22,2.6155952835927967,-0.6696936094928663,6.182637299446974,Iced Coffee
2024-05-27,2.7144305866539034,-0.6171923031803722,6.000942879428391,Iced Coffee
2024-06-03,2.7341976472611824,-0.5898433268884895,5.924829206351184,Iced Coffee
2024-06-10,2.7539647078623144,-0.6469470282651202,5.983262121849559,Iced Coffee
2024-06-17,2.773731768450059,-0.5710403194495944,6.065417867719939,Iced Coffee
2024-07-01,2.813265889614674,-0.42982475128631276,6.098406691952691,Iced Coffee
2024-07-15,2.852800010793877,-0.6345651086253795,6.112207155186212,Iced Coffee
2024-07-29,2.8923341319522287,-0.30348483166868273,6.118467865265584,Iced Coffee
2024-08-12,2.9318682530988993,-0.41186953663383674,6.237288360801585,Iced Coffee
2024-08-19,2.9516353136628335,-0.4014977964687411,6.2359565850059875,Iced Coffee
2024-08-26,2.9714023742355304,-0.45486515611260886,6.247025512769237,Iced Coffee
2024-09-16,3.0307035559462436,-0.23123205544730596,6.277454330623136,Iced Coffee
2024-10-21,3.1295388587974315,0.01715457562623447,6.265666659762934,Iced Coffee
2024-11-18,3.2086071010783823,0.12852025600676917,6.548505140500812,Iced Coffee
2024-12-09,3.267908282789095,0.09813219365873582,6.674907976178171,Iced Coffee
2024-12-15,0.7116870705980411,-2.8699105388015984,4.090017465873088,Iced Coffee
2024-12-22,0.731454131169077,-2.630476144687666,4.069247490822187,Iced Coffee
2024-12-29,0.7512211917328069,-2.383544462542828,4.071118668857389,Iced Coffee
2025-01-05,0.7709882523061639,-2.5738258287333204,4.113407738597676,Iced Coffee
2024-01-08,2.0535317077816075,-1.4086192655422776,5.644986030556369,Lamb Biryani
2024-02-05,2.4024276065571177,-1.4345361475667637,6.175930467226364,Lamb Biryani
2024-02-12,2.4896515811603055,-1.2394346275398767,5.9510197641004465,Lamb Biryani
2024-02-19,2.5768755559681376,-1.0291528124654745,6.094120982628636,Lamb Biryani
2024-03-04,2.7513235058860444,-0.6257994336261828,6.277915869385875,Lamb Biryani
2024-03-11,2.8385474807262168,-0.5483431654006345,6.273095243280542,Lamb Biryani
2024-03-25,3.0129954300427833,-0.6495031149296605,6.565956045568274,Lamb Biryani
2024-04-29,3.4491153049103747,-0.15666267610108014,6.958518597724495,Lamb Biryani
2024-05-06,3.5363392796035606,-0.07664855053506715,7.016415918416408,Lamb Biryani
2024-05-13,3.623563254012626,-0.13839774482223743,7.107351446443309,Lamb Biryani
2024-06-17,4.059683125527419,0.5020470903099699,7.9399788995264045,Lamb Biryani
2024-06-24,4.1469070997891855,0.6309919798651245,7.802162835087624,Lamb Biryani
2024-08-19,4.844698893555354,1.1848375105404494,8.662184050992623,Lamb Biryani
2024-08-26,4.93192286783744,0.8885344783563089,8.55866026457208,Lamb Biryani
2024-09-02,5.019146842362621,1.2456529448057276,8.404876400538198,Lamb Biryani
2024-09-09,5.106370816590363,1.267909304916261,8.736488701583978,Lamb Biryani
2024-09-30,5.36804273862408,1.8317070335754317,8.888742203596667,Lamb Biryani
2024-10-14,5.542490686463031,2.1707978575091293,9.019895548963754,Lamb Biryani
2024-10-28,5.716938634166354,2.065809936923962,8.983593143654545,Lamb Biryani
2024-11-04,5.804162607782912,2.235482613171212,9.580387562149975,Lamb Biryani
2024-11-18,5.978610555016028,2.3926196885865316,9.579212962110722,Lamb Biryani
2024-11-25,6.065834528632587,2.2941049542926537,9.654173174717014,Lamb Biryani
2024-12-09,6.240282475865701,2.8798177676576797,9.980377159232077,Lamb Biryani
2024-12-16,6.327506449482259,2.5453752014418343,9.743710203922612,Lamb Biryani
2024-12-22,4.189069658771862,0.5402064414363944,7.573741647949508,Lamb Biryani
2024-12-29,4.276293632382822,0.7997457837266783,8.05907740027531,Lamb Biryani
2025-01-05,4.363517606002063,0.5662008127180727,7.876817491142873,Lamb Biryani
2025-01-12,4.450741579619307,0.8130687530671544,8.114024818408279,Lamb Biryani
2024-01-01,1.788944630058183,-1.0407213525898873,4.9417508413134295,Lemonade
2024-03-04,2.3501461280581832,-0.5889121526552932,5.02775539492636,Lemonade
2024-04-15,2.724280459995416,0.11496492977620268,5.572047039143376,Lemonade
2024-04-29,2.84899190400024,0.054594633774752765,5.844079280783834,Lemonade
2024-05-06,2.9113476259887117,0.11035058154803064,5.715689629234236,Lemonade
2024-05-20,3.036059069972251,0.08508012236616169,5.509544829922029,Lemonade
2024-06-10,3.2231262359675146,0.34709689093616797,6.014792821724571,Lemonade
2024-06-17,3.285481957952489,0.34253591678500733,5.863023022468846,Lemonade
2024-06-24,3.3478376799417378,0.4489644545883387,6.096119100082881,Lemonade
2024-07-08,3.472549123883608,0.9142993285272902,6.350021683501343,Lemonade
2024-07-15,3.5349048458467323,0.8223728974762975,6.43095544615467,Lemonade
2024-07-22,3.59726056779261,0.5491197808129082,6.267443604973849,Lemonade
2024-07-29,3.659616289754454,0.817702638960684,6.475819509578478,Lemonade
2024-08-05,3.721972011708586,0.7024980569065675,6.527506420518219,Lemonade
2024-08-26,3.9090391775083466,1.1800387547277456,6.778543701337815,Lemonade
2024-09-30,4.2208177872428045,1.5091212887567171,7.12057872079332,Lemonade
2024-11-18,4.657307840871045,1.8917669162123454,7.519038179760676,Lemonade
2024-12-02,4.782019284764828,1.8772527380093604,7.807595116655492,Lemonade
2024-12-16,4.90673072865861,2.115293201185816,7.789506943103386,Lemonade
2024-12-22,3.0341416612302896,0.21311384228216815,5.929182957133962,Lemonade
2024-12-29,3.0964973831723097,0.18280879715336218,5.890431009702832,Lemonade
2025-01-05,3.1588531051215365,0.16622602855173926,5.992120467019969,Lemonade
2025-01-12,3.221208827069025,0.45622213248861904,6.094224215300616,Lemonade
2024-01-01,0.8021881757652065,-1.9414738542879013,3.3054977772006513,Mango Smoothie
2024-03-11,1.5072622463534417,-1.1729405541482925,4.2780756340838035,Mango Smoothie
2024-04-29,2.0008140958524843,-0.8010648441752589,4.664105258933912,Mango Smoothie
2024-05-13,2.141828910011071,-0.5316226012724653,4.781639826083757,Mango Smoothie
2024-06-03,2.3533511312287603,-0.31656554768796724,5.11012855935302,Mango Smoothie
2024-06-10,2.4238585382897484,-0.38399042995993127,4.997772394919544,Mango Smoothie
2024-06-24,2.56487335239455,0.06440128746449295,5.218516947675077,Mango Smoothie
2024-07-01,2.635380759442649,0.028523755716708316,5.223148666526426,Mango Smoothie
2024-07-15,2.776395573513005,0.1450933982966895,5.501165115333166,Mango Smoothie
2024-07-22,2.8469029805485837,0.11796459765421592,5.464320786421482,Mango Smoothie
2024-07-29,2.9174103875925237,0.48218687780261194,5.484374014058086,Mango Smoothie
2024-08-05,2.987917794627328,0.5050996066250166,5.655549549922699,Mango Smoothie
2024-08-26,3.1994400157563887,0.5665540688111075,5.870658292280983,Mango Smoothie
2024-09-09,3.340454829820346,0.8526091380278424,6.012475688593717,Mango Smoothie
2024-09-23,3.481469643910178,0.7231441255443786,6.1548804770930285,Mango Smoothie
2024-09-30,3.5519770509550943,0.944448710900736,6.327432969409345,Mango Smoothie
2024-11-25,4.116036307314425,1.5704376315582962,6.952387314465431,Mango Smoothie
2024-12-23,4.39806593549409,1.7744706650512732,7.156309603597185,Mango Smoothie
2024-12-29,3.594955768132407,1.0649337501492415,6.2932326433776185,Mango Smoothie
2025-01-05,3.6654631751783713,1.0097138257584033,6.238099558298478,Mango Smoothie
2025-01-12,3.735970582223555,0.9933036025872742,6.357421392067318,Mango Smoothie
2025-01-19,3.806477989268739,1.057398248759444,6.329595895685276,Mango Smoothie
2024-01-01,3.981667955047128,0.3838208930921195,7.186891686607509,Margherita Pizza
2024-01-08,3.957317391847128,0.47344706695372324,7.386191461943843,Margherita Pizza
2024-01-22,3.908616265414464,0.5786558813153135,7.4219809242164425,Margherita Pizza
2024-01-29,3.884265702191316,0.3476593932355655,7.21628034567756,Margherita Pizza
2024-02-05,3.8599151389562705,0.32847622365655577,7.2495827877785315,Margherita Pizza
2024-02-19,3.8112140125679157,0.4459565775343581,7.3117754141143525,Margherita Pizza
2024-03-04,3.762512886201207,0.20718900885986632,7.591031664702959,Margherita Pizza
2024-03-11,3.73816232299171,0.28469363541303844,7.51659572364101,Margherita Pizza
2024-03-18,3.7138117597822125,0.4445285392569791,7.134597097212031,Margherita Pizza
2024-03-25,3.6894611965966235,0.583613155570589,7.466846528953077,Margherita Pizza
2024-04-01,3.665110633446975,-0.02527647080012253,7.02376397584802,Margherita Pizza
2024-04-08,3.6407600703061127,0.1414302669066668,7.333242179086075,Margherita Pizza
2024-04-15,3.6164095072000837,0.0457312651329606,6.963514234662126,Margherita Pizza
2024-04-22,3.5920589440821433,0.03154214414012733,7.241777914300008,Margherita Pizza
2024-05-20,3.494656691651989,-0.11979278003809042,7.064797129298404,Margherita Pizza
2024-05-27,3.4703061285095846,0.16632269855643775,7.0971352667084595,Margherita Pizza
2024-06-03,3.4459555653844602,0.10754250707065104,6.777258766209933,Margherita Pizza
2024-06-10,3.421605002213482,-0.23336847774226815,6.943613683688056,Margherita Pizza
2024-06-17,3.3972544390201063,0.06907949206506594,6.750805594668965,Margherita Pizza
2024-06-24,3.372903875811874,-0.0531959673953779,6.82182002704723,Margherita Pizza
2024-07-01,3.3485533126347637,-0.2474508331691553,7.053638656521631,Margherita Pizza
2024-08-05,3.2268004967492114,-0.12507290029479395,6.509132529746428,Margherita Pizza
2024-08-12,3.2024499335700005,-0.3362182658760791,6.956893438457978,Margherita Pizza
2024-08-19,3.1780993703536513,-0.09978358317132953,6.867725385791,Margherita Pizza
2024-09-02,3.1293982438203694,-0.4924105225813168,6.574311461971027,Margherita Pizza
2024-09-09,3.1050476805875524,-0.039975752835686176,6.761540105134797,Margherita Pizza
2024-09-16,3.080697117334777,-0.4130014757756706,6.4781321495364965,Margherita Pizza
2024-10-14,2.983294864413528,-0.371627895934799,6.424531926450579,Margherita Pizza
2024-10-21,2.958944301181428,-0.3667223692370733,6.402788916076356,Margherita Pizza
2024-10-28,2.9345937379493283,-0.4724012872604852,6.382183829448895,Margherita Pizza
2024-11-04,2.9102431747172286,-0.4624424323371406,6.282946353245977,Margherita Pizza
2024-11-11,2.885892611485129,-0.5540667329007706,6.551996395409941,Margherita Pizza
2024-11-18,2.8615420482530287,-0.6316977537614827,6.36426594800174,Margherita Pizza
2024-11-25,2.837191485020929,-0.7641070725410369,6.355850186966209,Margherita Pizza
2024-12-16,2.7641397953246294,-0.6798707919945202,6.161956805953542,Margherita Pizza
2024-12-22,-1.6622876087344312,-5.109505634553352,2.0427900082685033,Margherita Pizza
2024-12-29,-1.6866381719776733,-4.857302483278089,1.850218465971656,Margherita Pizza
2025-01-05,-1.7109887352044328,-5.479513311298625,1.6712664142247262,Margherita Pizza
2025-01-12,-1.7353392984351657,-5.17320396173026,1.926544353713751,Margherita Pizza
2024-01-01,2.8769849957469646,0.3004659153398157,5.268561469493351,Mushroom Soup
2024-01-08,2.8549613205469644,0.563411905957127,5.38015749267001,Mushroom Soup
2024-01-15,2.83293764528098,0.45738178709953126,5.3417536163388,Mushroom Soup
2024-01-22,2.8109139700086967,0.21826373063934407,5.346193504864759,Mushroom Soup
2024-01-29,2.788890294855685,0.4126942786440534,5.036763064481277,Mushroom Soup
2024-03-18,2.6347245679211286,0.054957888587855865,4.996409718694272,Mushroom Soup
2024-04-08,2.5686535418434473,0.11734506601278788,5.063228851113743,Mushroom Soup
2024-05-13,2.458535165038516,0.06299268584076698,4.987821166018724,Mushroom Soup
2024-06-24,2.3263931134710427,-0.11452292347056559,4.56899670615873,Mushroom Soup
2024-07-08,2.282345762930225,-0.2653386286176434,4.699911124169124,Mushroom Soup
2024-09-02,2.1061563610318133,-0.4103104087729464,4.506514936418667,Mushroom Soup
2024-09-16,2.0621090107907447,-0.34845012695062627,4.413277907928537,Mushroom Soup
2024-10-21,1.9519906350937428,-0.6470224503664632,4.351469930706971,Mushroom Soup
2024-11-04,1.9079432849041065,-0.5854336674497685,4.368388551391404,Mushroom Soup
2024-11-11,1.8859196098092883,-0.5232869043354856,4.264218834649238,Mushroom Soup
2024-11-25,1.841872259619652,-0.7138080314533135,4.231592239449386,Mushroom Soup
2024-12-16,1.7758012343351974,-0.6249953201637287,4.260688197042308,Mushroom Soup
2024-12-22,-1.3421857115763243,-3.6609965218676512,1.0099587086429487,Mushroom Soup
2024-12-29,-1.3642093866789806,-3.9146792732818607,1.1033999698262529,Mushroom Soup
2025-01-05,-1.3862330617700422,-3.7231896527508863,1.026540714616086,Mushroom Soup
2025-01-12,-1.408256736863899,-3.8276239135789383,0.9153722129383288,Mushroom Soup
2024-01-08,2.5959245617606843,0.0531432881693889,5.357791142323609,Onion Rings
2024-01-15,2.6036351269006843,-0.12213488934715291,5.219114748178444,Onion Rings
2024-02-12,2.6344773872610663,0.09048468830798582,5.25659942552938,Onion Rings
2024-02-26,2.6498985176172942,-0.024021064013842217,5.24305629529167,Onion Rings
2024-03-11,2.6653196482091293,0.009730240309938134,5.21300301237999,Onion Rings
2024-03-18,2.6730302134467188,-0.15888921668659908,5.402385743477439,Onion Rings
2024-04-01,2.6884513437679,0.13962292832361198,5.267757312820104,Onion Rings
2024-04-15,2.7038724741135356,0.062017420840939155,5.477496007087267,Onion Rings
2024-04-22,2.711583039200484,0.22935411671320494,5.42985160046198,Onion Rings
2024-05-20,2.7424252994604554,0.16275453736299486,5.310917766471709,Onion Rings
2024-06-24,2.7809781249631236,0.19056565307702072,5.333042623309058,Onion Rings
2024-07-01,2.788688690093526,0.23187479519901996,5.648375548572542,Onion Rings
2024-07-08,2.7963992551273527,0.05477261852247613,5.54163178351954,Onion Rings
2024-07-29,2.8195309503605523,0.08053601106063028,5.4295158751224895,Onion Rings
2024-08-19,2.8426626451619166,0.13570274362247972,5.596601249652179,Onion Rings
2024-09-09,2.8657943395536405,0.09107861171785044,5.7246898293764135,Onion Rings
2024-09-16,2.873504904398729,0.19099151398443864,5.514472871776793,Onion Rings
2024-09-23,2.8812154691830147,0.2964198446003391,5.608001868928593,Onion Rings
2024-10-07,2.8966365984962135,0.07195535065671896,5.7033274969915295,Onion Rings
2024-10-14,2.9043471630292896,-0.01766738334329645,5.661940575319784,Onion Rings
2024-10-21,2.9120577274989006,0.26273213255766753,5.6440450683691825,Onion Rings
2024-11-11,2.9351894209077334,0.17700088527733826,5.701203569662423,Onion Rings
2024-11-18,2.9428999853773443,0.3930901843758465,5.616669555302209,Onion Rings
2024-12-02,2.958321114316566,0.18164361406444815,5.531456164712206,Onion Rings
2024-12-23,2.9814528077253994,0.5372701067361213,5.532776931473775,Onion Rings
2024-12-29,0.19292861382096743,-2.5237230426300385,2.9321545156834983,Onion Rings
2025-01-05,0.2006391782939667,-2.512129048855348,2.8912806118448744,Onion Rings
2025-01-12,0.20834974276444473,-2.2977950757929424,2.750292632769309,Onion Rings
2025-01-19,0.21606030723492292,-2.392284501390923,2.8358137680172875,Onion Rings
2024-01-15,2.0786046952658723,0.3681477784211107,3.608347875757886,Penne Arrabbiata
2024-02-05,2.0788214580683717,0.518810940233509,3.685153279189339,Penne Arrabbiata
2024-02-12,2.078893712286343,0.6523856803790605,3.8120766767134793,Penne Arrabbiata
2024-02-19,2.0789659664463755,0.4605774087007708,3.768135584506826,Penne Arrabbiata
2024-03-04,2.0791104747508484,0.5499355160039361,3.6757288392810255,Penne Arrabbiata
2024-04-08,2.0794717452929268,0.4144140974204493,3.8165148150290196,Penne Arrabbiata
2024-05-06,2.0797607616240947,0.5109416158966514,3.762284783603718,Penne Arrabbiata
2024-05-13,2.0798330156371225,0.4486949712878869,3.6396189039509266,Penne Arrabbiata
2024-05-27,2.0799775236845286,0.46942778880235747,3.775958932622519,Penne Arrabbiata
2024-06-17,2.080194285538374,0.5583559743682559,3.6362050026750685,Penne Arrabbiata
2024-07-01,2.0803387932853155,0.44643917584755205,3.5315087017693365,Penne Arrabbiata
2024-07-08,2.0804110471334547,0.5436412557453287,3.6068146503449947,Penne Arrabbiata
2024-07-15,2.080483654179782,0.49092694042715795,3.629529253665862,Penne Arrabbiata
2024-07-29,2.080628868241794,0.5194286396820554,3.7999237284468803,Penne Arrabbiata
2024-08-26,2.080919296699994,0.5678341200437677,3.671383866632942,Penne Arrabbiata
2024-09-02,2.0809919038738967,0.3786199983236163,3.736381924082896,Penne Arrabbiata
2024-09-09,2.0810645111072317,0.40147508425948164,3.7696476307510975,Penne Arrabbiata
2024-09-30,2.0812823326597822,0.5186349722167809,3.7031337776349216,Penne Arrabbiata
2024-10-07,2.081354939926423,0.48521544649570103,3.733024783517989,Penne Arrabbiata
2024-10-28,2.0815727618368283,0.48210703044953584,3.8180980201345114,Penne Arrabbiata
2024-11-04,2.0816453691402965,0.5440080427195954,3.6746534821600045,Penne Arrabbiata
2024-11-11,2.0817179764437643,0.3678159298507221,3.636512708512595,Penne Arrabbiata
2024-12-09,2.082008405657638,0.49198227874008055,3.6959226093744557,Penne Arrabbiata
2024-12-16,2.082081012961106,0.4793066869506136,3.6414710860394925,Penne Arrabbiata
2024-12-22,-0.16116365468227384,-1.7558511468718283,1.3854454403853853,Penne Arrabbiata
2024-12-29,-0.16109104738447916,-1.794926884601787,1.5443107836371168,Penne Arrabbiata
2025-01-05,-0.16101844007829164,-1.7351834862741835,1.3235994606461854,Penne Arrabbiata
2025-01-12,-0.16094583277412738,-1.8398280068026776,1.3811828952261762,Penne Arrabbiata
2024-01-01,2.0645685594270358,-0.8770281987167906,5.638614285867632,Pepperoni Pizza
2024-01-29,2.2771863178584084,-1.1356126870025458,5.557097795858968,Pepperoni Pizza
2024-02-05,2.3303407574574955,-0.9562927301553003,5.9073630253680065,Pepperoni Pizza
2024-02-26,2.4898040762557225,-0.9912973141986549,5.919036850103866,Pepperoni Pizza
2024-03-04,2.5429585158645605,-1.1779639000232893,6.000151723959868,Pepperoni Pizza
2024-03-11,2.5961129554675644,-0.8866488266303447,5.984923640537885,Pepperoni Pizza
2024-03-18,2.649267395061272,-0.47178617043233256,6.060541852575943,Pepperoni Pizza
2024-04-01,2.755576274230827,-0.764727241456945,6.054740494387512,Pepperoni Pizza
2024-04-08,2.8087307138336355,-0.624797837989364,6.056236529331327,Pepperoni Pizza
2024-04-15,2.861885153430107,-0.6582840312545541,6.241738951391268,Pepperoni Pizza
2024-04-22,2.915039593018115,-0.4831022115334666,6.486322151534845,Pepperoni Pizza
2024-05-06,3.021348472177133,-0.3509057941547743,6.645297938709838,Pepperoni Pizza
2024-06-03,3.233966230483631,-0.008659538952389583,6.543874690148924,Pepperoni Pizza
2024-07-08,3.4997384284392226,0.02517096492449522,6.74319734675838,Pepperoni Pizza
2024-07-15,3.552892868030341,0.17799410250044784,7.1553105097404375,Pepperoni Pizza
2024-07-22,3.6060473076236814,-0.020337210941087543,6.921134867817621,Pepperoni Pizza
2024-07-29,3.65920174720931,0.18571740003910914,6.916027226407323,Pepperoni Pizza
2024-08-05,3.712356186794347,0.2217985557455057,6.952659016946212,Pepperoni Pizza
2024-08-12,3.76551062638731,0.4284217755176899,7.116357684096669,Pepperoni Pizza
2024-08-19,3.8186650659753383,0.46117012255362505,7.2175174367583725,Pepperoni Pizza
2024-08-26,3.8718195055651474,0.45940880266157763,7.393337027996174,Pepperoni Pizza
2024-09-02,3.9249739451693175,0.30670809309127955,7.1522635296168335,Pepperoni Pizza
2024-09-09,3.978128384771165,0.4359644192594454,7.526618509534498,Pepperoni Pizza
2024-09-30,4.137591703547401,0.6280541738980872,7.6575409480001095,Pepperoni Pizza
2024-10-14,4.243900582743336,0.5633718393474532,7.401194778222875,Pepperoni Pizza
2024-10-21,4.297055022331934,0.9449028714799577,7.5897581169542265,Pepperoni Pizza
2024-10-28,4.350209461924836,0.6858273977382792,7.807145074330622,Pepperoni Pizza
2024-11-04,4.403363901520098,1.0002500582689824,7.66298955154983,Pepperoni Pizza
2024-11-11,4.456518341115362,0.5899731557799599,7.765658305767283,Pepperoni Pizza
2024-11-18,4.509672780710624,1.3037272296246538,7.965370467900855,Pepperoni Pizza
2024-11-25,4.562827220305888,1.450259937659194,8.074854231462506,Pepperoni Pizza
2024-12-02,4.61598165990115,1.282441983078121,8.19515870243697,Pepperoni Pizza
2024-12-09,4.669136099496414,1.3346715939579465,8.255739106772504,Pepperoni Pizza
2024-12-23,4.77544497868694,1.6755208937777206,8.317435522509188,Pepperoni Pizza
2024-12-29,2.5978079563167213,-0.7095250953410736,5.88752269733123,Pepperoni Pizza
2025-01-05,2.6509623959146804,-0.8123047493813261,6.029683615097698,Pepperoni Pizza
2025-01-12,2.7041168355106326,-0.7686838057626362,5.948255290671593,Pepperoni Pizza
2025-01-19,2.7572712751065853,-0.6825519672317595,6.046029313438094,Pepperoni Pizza
2024-01-01,2.919340127834524,0.4591367078190949,5.484700613673108,Shawarma Wrap
2024-01-08,2.9381637111678574,0.3465193440425808,5.5854613752615085,Shawarma Wrap
2024-01-15,2.9569872945193802,0.17731789554344202,5.76259545855986,Shawarma Wrap
2024-01-22,2.9758108778685637,0.30366284897567764,5.66731475334206,Shawarma Wrap
2024-01-29,2.994634461214963,0.17508693531981373,5.498262680446526,Shawarma Wrap
2024-02-19,3.051105211254162,0.2965047527690096,5.790890706154889,Shawarma Wrap
2024-02-26,3.069928794598103,0.5067825494322257,5.591973231406087,Shawarma Wrap
2024-03-04,3.0887523779228676,0.647747952822055,5.984819337763185,Shawarma Wrap
2024-03-11,3.107575961235771,0.4068923894758361,5.565868918977567,Shawarma Wrap
2024-03-18,3.1263995445297104,0.4241575182638977,5.897848554531008,Shawarma Wrap
2024-03-25,3.145223127796653,0.5394915655044275,5.807026898129057,Shawarma Wrap
2024-04-01,3.1640467111000796,0.5319626873340445,5.733886578191329,Shawarma Wrap
2024-04-08,3.1828702944035063,0.5207668349503629,5.950873503523903,Shawarma Wrap
2024-04-29,3.2393410442735195,0.5751924312460233,6.127956586563681,Shawarma Wrap
2024-05-06,3.2581646275626555,0.4693652238125108,5.926643160661894,Shawarma Wrap
2024-05-13,3.2769882108233306,0.5737152741671874,6.088643637070981,Shawarma Wrap
2024-05-27,3.314635377293881,0.6833125111249061,5.95236820316819,Shawarma Wrap
2024-06-03,3.3334589605611806,0.6520566608454142,6.165531572812198,Shawarma Wrap
2024-06-10,3.3522825438185477,0.49146684944178237,6.013258233714263,Shawarma Wrap
2024-06-24,3.3899297103332837,0.6957677026096144,6.130952769185331,Shawarma Wrap
2024-07-22,3.465224043508546,0.9773926435190695,6.208464673062508,Shawarma Wrap
2024-07-29,3.4840476267751974,0.6317129293941822,5.9372385349414065,Shawarma Wrap
2024-08-05,3.502871210025456,0.9126631051243672,6.099728974362746,Shawarma Wrap
2024-08-12,3.521694793291644,0.7036693372898372,6.175103266333828,Shawarma Wrap
2024-09-02,3.578165543119238,0.8479158125376695,6.334864988830023,Shawarma Wrap
2024-09-09,3.596989126422297,0.8884787854073256,6.284660277612634,Shawarma Wrap
2024-09-16,3.615812709725356,0.9160404152849269,6.3857549885339475,Shawarma Wrap
2024-09-23,3.6346362930618494,0.8603121879393412,6.286366397665443,Shawarma Wrap
2024-09-30,3.6534598764231587,0.7737996730162587,6.420269555152735,Shawarma Wrap
2024-10-07,3.6722834597615535,1.0490123040045451,6.3870197049794255,Shawarma Wrap
2024-10-14,3.6911070430928303,0.9832560255973561,6.218141604810723,Shawarma Wrap
2024-10-28,3.728754209755384,1.1297000739477618,6.283605906681549,Shawarma Wrap
2024-11-11,3.766401376417938,1.0108162858483531,6.417883017564165,Shawarma Wrap
2024-11-18,3.7852249597492147,1.2195642264628979,6.368492409786481,Shawarma Wrap
2024-12-02,3.8228721264117684,1.0522869358783258,6.566222889066215,Shawarma Wrap
2024-12-09,3.8416957097430453,1.1162609126964071,6.672661862761595,Shawarma Wrap
2024-12-16,3.860519293074322,1.194667462783177,6.647088378951563,Shawarma Wrap
2024-12-23,3.879342876405599,1.3476666127653572,6.536452569932626,Shawarma Wrap
2024-12-29,0.7717056495736092,-1.8311299479550334,3.377731608666271,Shawarma Wrap
2025-01-05,0.790529232908673,-1.9972010132580955,3.3678661151321467,Shawarma Wrap
2025-01-12,0.809352816240919,-1.8342728156979593,3.529378284679831,Shawarma Wrap
2025-01-19,0.8281763995731648,-1.7551774578935793,3.4810412410540765,Shawarma Wrap
2024-01-01,2.291054433532952,0.30338548936009335,4.266261187364468,Spaghetti Carbonara
2024-01-08,2.31954104882707,0.4189500766959283,4.232060121344503,Spaghetti Carbonara
2024-01-15,2.348027664093206,0.32171604237874374,4.229843968022961,Spaghetti Carbonara
2024-01-22,2.3765142792955536,0.49876859134581253,4.327192597692402,Spaghetti Carbonara
2024-01-29,2.4050008945043304,0.525230552258366,4.439037029676392,Spaghetti Carbonara
2024-02-05,2.4334875098209534,0.47059208028097277,4.186289175482965,Spaghetti Carbonara
2024-02-12,2.4619741252349345,0.5204322191220795,4.3095267640855806,Spaghetti Carbonara
2024-02-26,2.518947355915585,0.6361733994982952,4.56098604739437,Spaghetti Carbonara
2024-03-04,2.54743397128934,0.47966647587616074,4.547248374909678,Spaghetti Carbonara
2024-03-11,2.575920586630635,0.4880734902304166,4.576888103052036,Spaghetti Carbonara
2024-03-18,2.6044072020330358,0.7481666481413928,4.480448831108339,Spaghetti Carbonara
2024-03-25,2.632893817407262,0.7270244398626085,4.640344638428325,Spaghetti Carbonara
2024-04-01,2.6613804328570936,0.7749643920689817,4.623041835547332,Spaghetti Carbonara
2024-04-15,2.718353663591104,0.7840920632049311,4.637278121073641,Spaghetti Carbonara
2024-04-22,2.7468402788756063,0.8489699038795386,4.580579635643041,Spaghetti Carbonara
2024-05-20,2.8607867400690523,0.9001389264066793,4.816479676421038,Spaghetti Carbonara
2024-05-27,2.8892733553561296,0.8505815658870319,4.728709419427554,Spaghetti Carbonara
2024-06-03,2.9177599708367383,1.0468617642524118,4.807722386680041,Spaghetti Carbonara
2024-06-10,2.9462467543175395,0.826384258091552,4.850604837902711,Spaghetti Carbonara
2024-06-17,2.9747335377827664,1.0038698709791734,4.766554676542498,Spaghetti Carbonara
2024-06-24,3.003220322120841,1.0951318950618758,4.97999897484341,Spaghetti Carbonara
2024-07-08,3.06019389091586,1.0908671722678875,5.014209137791304,Spaghetti Carbonara
2024-07-15,3.088680675433102,1.0369437000259525,4.984182082261027,Spaghetti Carbonara
2024-07-29,3.1456542443251623,1.1131156476678172,5.1619121709744,Spaghetti Carbonara
2024-08-05,3.174141028842115,1.2930041005351898,5.130803176748741,Spaghetti Carbonara
2024-09-09,3.316574951287561,1.3916036699107202,5.334647965498889,Spaghetti Carbonara
2024-11-11,3.572956011689363,1.6548084701413175,5.6086270718924895,Spaghetti Carbonara
2024-11-25,3.6299295806675413,1.8021053231122144,5.633355107415803,Spaghetti Carbonara
2024-12-02,3.65841636515663,1.699466110133039,5.819422349179116,Spaghetti Carbonara
2024-12-09,3.68690314964572,1.8480279362359275,5.677674447401727,Spaghetti Carbonara
2024-12-16,3.7153899341348087,1.8339179108622592,5.501734697550725,Spaghetti Carbonara
2024-12-23,3.743876718623898,1.8937713485035201,5.7377208603201835,Spaghetti Carbonara
2024-12-29,1.2889080147741105,-0.6525590048895537,3.2072518823725193,Spaghetti Carbonara
2025-01-05,1.3173947992662056,-0.5472571611076623,3.345887387184841,Spaghetti Carbonara
2025-01-12,1.3458815837560636,-0.5278967990027874,3.1943150054719047,Spaghetti Carbonara
2025-01-19,1.3743683682459218,-0.5311356218633186,3.45291041694723,Spaghetti Carbonara
2024-01-01,3.398378651208053,1.1735153153656073,5.588396165183528,Tomato Soup
2024-01-08,3.386600940514175,1.1131864568692584,5.575311625726933,Tomato Soup
2024-01-15,3.374823229813512,1.1600794896278577,5.657140708657423,Tomato Soup
2024-01-22,3.363045519102195,1.2500902500923607,5.678022102899491,Tomato Soup
2024-01-29,3.3512678083912566,0.8957342370257378,5.379823230120561,Tomato Soup
2024-02-05,3.339490097677674,1.2887381220540608,5.583737008771304,Tomato Soup
2024-05-20,3.1628244368224796,1.0668776916098146,5.528620736079007,Tomato Soup
2024-06-17,3.1157135939081173,0.9617999197533842,5.362004350224472,Tomato Soup
2024-08-05,3.0332696189187964,0.6955346422128493,5.315222902599387,Tomato Soup
2024-08-26,2.9979364867875065,0.77486254627334,5.375934605336713,Tomato Soup
2024-10-07,2.927270222451784,0.527596183446578,5.04119633688366,Tomato Soup
2024-11-25,2.8448262472983434,0.5320895887831779,5.044725513804466,Tomato Soup
2024-12-02,2.8330485365621376,0.38855205343373694,5.033040105930638,Tomato Soup
2024-12-09,2.821270825825932,0.5642296149071697,5.132144305791023,Tomato Soup
2024-12-15,-0.8518249296142675,-3.0346202105526796,1.4520102718799193,Tomato Soup
2024-12-22,-0.8636026403493369,-3.175469308153714,1.3830578976474386,Tomato Soup
2024-12-29,-0.875380351094807,-3.2544010794345057,1.2830500180954163,Tomato Soup
2025-01-05,-0.8871580618265724,-3.18343097169202,1.3158419209480174,Tomato Soup
2024-01-01,4.027970135597113,1.196324730524342,6.892737933058006,Veggie Burger
2024-01-08,4.018027815204956,1.1715672886621935,6.83503057108079,Veggie Burger
2024-01-29,3.988200868304788,0.9397425292349729,7.0221378659894205,Veggie Burger
2024-02-05,3.9782585589347845,0.9996023957969887,6.742266100125809,Veggie Burger
2024-04-22,3.8688931132542184,0.9725308104381932,6.797528371736516,Veggie Burger
2024-04-29,3.858950797460036,0.8313303075211156,6.697060558611399,Veggie Burger
2024-05-13,3.8390661563600426,0.9472290393635202,6.779155580032058,Veggie Burger
2024-06-03,3.8092391848490426,0.9617329464096956,6.915702036813524,Veggie Burger
2024-06-10,3.799296866779253,0.918318762707163,6.711333464959554,Veggie Burger
2024-06-17,3.789354543902261,1.0652801062866495,6.775245830083651,Veggie Burger
2024-06-24,3.779412221455592,0.8743123997876209,6.5911046263337605,Veggie Burger
2024-07-29,3.729700593197932,0.7706015577266547,6.694048953961786,Veggie Burger
2024-08-12,3.709815962580585,0.8559599433406669,6.512755000652938,Veggie Burger
2024-09-09,3.670046728055585,0.7150417148760109,6.693946470263656,Veggie Burger
2024-09-23,3.650162101990869,0.7723451569735721,6.532126733590886,Veggie Burger
2024-10-07,3.6302774939024642,0.6089494396558061,6.623879055490582,Veggie Burger
2024-10-14,3.6203351887392974,0.7662329964543243,6.6529557121532665,Veggie Burger
2024-10-21,3.6103928835761305,0.6207100235597646,6.533952435251739,Veggie Burger
2024-11-11,3.5805659680866286,0.4959499657052925,6.4703622677137504,Veggie Burger
2024-11-18,3.570623662923462,0.6289896399575059,6.5378430939776555,Veggie Burger
2024-12-23,3.520912137107627,0.6231071374465839,6.567648257146876,Veggie Burger
2024-12-29,-0.8969826584951293,-3.770574218555755,2.005202935552058,Veggie Burger
2025-01-05,-0.9069249636529513,-3.7422194438733922,2.002323251724836,Veggie Burger
2025-01-12,-0.9168672688147503,-3.68176525016716,2.096344404961252,Veggie Burger
2025-01-19,-0.9268095739765494,-3.737559481174065,2.0360171746430735,Veggie Burger
